State,District,Latitude,Longitude,District code,Households_with_Internet,Rural_Households,Urban_Households,Population,Sex Ratio,Literacy Rate
Andhra Pradesh,Adilabad,19.284513950073435,78.81321233480176,532,5512,597466,220248,2741239,100.0,54.11
Andhra Pradesh,Anantapur,14.312065561843148,77.4601584478577,553,8606,902997,341431,4081148,98.0,56.63
Andhra Pradesh,Chittoor,13.33109263067696,78.92763898886037,554,13763,907970,395900,4174064,100.0,63.92
Andhra Pradesh,East Godavari,16.782718320784902,82.2432074720511,545,22411,1199479,406362,5154296,101.0,63.8
Andhra Pradesh,Guntur,15.884925767634847,80.58657614107885,548,19383,1069877,513113,4887813,100.0,60.57
Andhra Pradesh,Hyderabad,17.38971555555556,78.46668888888888,536,149034,0,1066289,3943323,95.0,73.34
Andhra Pradesh,Karimnagar,18.515483193277312,79.43765428571413,534,8831,877236,288044,3776269,101.0,58.44
Andhra Pradesh,Khammam,17.683921325051784,80.67008643892335,541,8628,669262,201363,2797370,101.0,58.28
Andhra Pradesh,Krishna,16.143872753151673,81.14805061000413,547,30438,909292,567042,4517398,99.0,66.63
Andhra Pradesh,Kurnool,15.43759715142429,77.90086836581717,552,10081,783853,306982,4053463,99.0,52.48
Andhra Pradesh,Mahbubnagar,16.639546224256293,77.98933089244859,538,6153,848963,161052,4053028,98.0,47.88
Andhra Pradesh,Medak,17.889304978038055,78.13778901903379,535,8635,593653,195479,3033288,99.0,53.97
Andhra Pradesh,Nalgonda,17.113250515463907,79.16984453608244,539,7715,833504,197433,3488809,98.0,57.36
Andhra Pradesh,Nizamabad,18.429485849056604,78.07523490566035,533,5261,565165,155133,2551335,104.0,54.47
Andhra Pradesh,Prakasam,15.489039001601704,80.11665790176184,549,6151,873486,214089,3397448,98.0,56.05
Andhra Pradesh,Srikakulam,18.570900998697432,84.25874814010675,542,3988,752752,149684,2703114,101.0,55.32
Andhra Pradesh,Vizianagaram,18.28329696032972,83.45982854198873,543,4453,592458,157056,2344474,102.0,52.82
Andhra Pradesh,Warangal,18.01752608695651,79.87422028985509,540,12952,758738,288249,3512576,100.0,58.79
Andhra Pradesh,West Godavari,16.63297943925236,81.45912990654196,546,12050,1007255,248373,3936966,100.0,67.37
Arunachal Pradesh,Changlang,27.36048479338845,96.37552644628106,253,170,33422,6498,148226,93.0,49.37
Arunachal Pradesh,East Kameng,27.371194055944056,93.04741486013997,247,57,14503,5215,78690,103.0,48.86
Arunachal Pradesh,East Siang,28.15382352941176,95.06499226006191,251,450,19497,9524,99214,98.0,63.07
Arunachal Pradesh,Kurung Kumey,28.04853351800553,93.24531994459834,256,95,18603,1092,92076,103.0,39.76
Arunachal Pradesh,Lohit,27.946785273972623,96.59670770547945,259,312,33599,11372,145726,91.0,57.0
Arunachal Pradesh,Lower Dibang Valley,28.32651730103806,95.76567335640142,258,207,12000,3950,54080,93.0,58.89
Arunachal Pradesh,Lower Subansiri,27.70849297297297,93.96226108108112,255,381,18112,5365,83030,98.0,65.11
Arunachal Pradesh,Papum Pare,27.273529716981127,93.54468183962264,248,2477,20308,30180,176573,98.0,68.55
Arunachal Pradesh,Tawang,27.680683962264148,91.82504245283016,245,96,10730,2452,49977,71.0,52.17
Arunachal Pradesh,Tirap,26.94406229508198,95.41470327868862,254,98,18420,6500,111975,94.0,42.84
Arunachal Pradesh,Upper Siang,28.8309244897959,95.00155765306124,252,97,8569,2182,35320,89.0,51.51
Arunachal Pradesh,Upper Subansiri,28.277196566523585,93.8991435622318,249,139,14542,4672,83448,100.0,54.26
Arunachal Pradesh,West Kameng,27.46486582278483,92.65015750452083,246,202,17889,6306,83947,82.0,57.77
Arunachal Pradesh,West Siang,28.106296920289843,94.53510344202908,250,303,22272,8503,112274,93.0,57.67
Assam,Barpeta,26.427872264631056,90.97912010178116,303,2078,447189,52192,1693622,95.0,52.97
Assam,Bongaigaon,26.45012521994133,90.6734296187684,319,2523,181923,38470,738804,97.0,58.75
Assam,Cachar,24.815570668693017,92.86849650455927,316,5316,346227,88933,1736617,96.0,67.61
Assam,Darrang,26.58463215962442,92.04141338028155,325,1166,268517,20189,928500,95.0,52.45
Assam,Dhemaji,27.586533438485816,94.71336908517353,308,1192,211758,16504,686133,95.0,61.65
Assam,Dibrugarh,27.30612284482757,95.0998282327587,310,8817,299852,77163,1326335,96.0,66.69
Assam,Goalpara,26.017277777777807,90.59869891598912,302,1364,228610,39504,1008183,96.0,55.9
Assam,Golaghat,26.377219709794485,93.82583397823468,313,3073,292893,34190,1066888,96.0,67.65
Assam,Hailakandi,24.457496089385486,92.59154664804475,318,1211,159215,16202,659296,95.0,61.79
Assam,Jorhat,26.76244824016563,94.30197722567289,312,5651,286330,80824,1092256,96.0,72.78
Assam,Kamrup,26.170939452054807,91.58863273972592,321,3109,390596,43849,1517542,95.0,65.59
Assam,Karbi Anglong,26.08966454598031,93.11536570271832,314,1923,215691,37185,956313,95.0,58.27
Assam,Karimganj,24.69660712250711,92.3679498575498,317,1933,261945,32695,1228686,96.0,64.73
Assam,Kokrajhar,26.497246635730868,90.13997470997688,300,1218,204896,17115,887142,96.0,55.16
Assam,Lakhimpur,27.14128805970149,94.0775949253732,307,1948,293239,34694,1042137,97.0,65.59
Assam,Nagaon,26.26462170626351,92.9306191144708,305,5121,674999,124186,2823768,96.0,60.58
Assam,Nalbari,26.46323767605632,91.40598521126763,323,1631,210706,28238,771639,95.0,68.91
Assam,Sonitpur,26.73514926829268,92.85197804878044,306,4358,483325,64528,1924110,96.0,57.61
Assam,Tinsukia,27.53549291139241,95.69055949367085,309,5135,290704,90910,1327929,95.0,60.12
Bihar,Araria,26.211528119180603,87.30766554934816,209,2561,659061,44213,2811569,92.0,42.53
Bihar,Aurangabad,24.774291867469877,84.45986024096379,235,2362,428291,49006,2540073,93.0,57.71
Bihar,Aurangabad,24.774291867469877,84.45986024096379,515,23258,551789,427343,3701282,92.0,67.65
Bihar,Banka,24.832355642023337,86.8664916342413,225,1704,425604,18492,2034763,91.0,47.44
Bihar,Begusarai,25.54302613168723,86.12560144032932,222,4644,594377,139248,2970541,89.0,52.13
Bihar,Bhagalpur,25.277192885375477,87.04213814229242,224,6764,522527,130634,3037766,88.0,51.78
Bihar,Bhojpur,25.50666439393939,84.49407803030304,231,3661,434559,77368,2728407,91.0,58.61
Bihar,Buxar,25.48593018867924,84.08808081760995,232,1784,299252,35405,1706352,92.0,58.01
Bihar,Darbhanga,26.146187719298258,85.97387352472099,215,6280,907174,95539,3937385,91.0,46.14
Bihar,Gaya,24.7266541547278,84.94291217765044,236,6856,696289,111282,4391418,94.0,52.32
Bihar,Gopalganj,26.44874364161851,84.34636127167629,217,3707,515925,38133,2562012,102.0,53.98
Bihar,Jamui,24.78418380462726,86.26316298200514,238,1839,325909,30851,1760405,92.0,48.77
Bihar,Jehanabad,25.155679045643165,84.9208124481328,239,1106,186660,28132,1125313,92.0,55.0
Bihar,Katihar,25.56565356037151,87.70466083591326,212,2941,668232,69838,3071029,92.0,41.69
Bihar,Khagaria,25.53558891454964,86.56593256351037,223,1580,373696,21007,1666886,89.0,46.08
Bihar,Kishanganj,26.324336758321294,87.95045007235886,210,1093,401793,43357,1690400,95.0,44.08
Bihar,Lakhisarai,25.183449321266963,86.12825701357468,227,1186,175882,31763,1000912,90.0,50.68
Bihar,Madhepura,25.77341929460581,86.8978443983403,213,1397,486278,24000,2001762,91.0,41.69
Bihar,Madhubani,26.41380538172716,86.16328360450552,207,5319,1047552,41234,4487379,93.0,48.03
Bihar,Munger,25.198537962962963,86.54173672839504,226,2653,222281,85782,1367765,88.0,58.62
Bihar,Muzaffarpur,26.18664417177915,85.32745092024543,216,10290,998694,120700,4801062,90.0,52.26
Bihar,Nalanda,25.229345508982053,85.48053113772461,229,4156,514141,102522,2877653,92.0,52.82
Bihar,Nawada,24.825708836206903,85.61594568965519,237,1841,379551,45323,2219146,94.0,49.16
Bihar,Pashchim Champaran,27.16064352201258,84.30265911949685,203,3495,839514,96620,3935042,91.0,44.71
Bihar,Patna,25.40297114503818,85.3198433587787,230,40692,657991,552103,5838465,90.0,59.26
Bihar,Purba Champaran,26.68129336734693,85.00382155612242,204,7719,1142260,101565,5099371,90.0,44.65
Bihar,Purnia,25.81714801901739,87.40447606973065,211,4170,712847,85749,3264619,92.0,40.81
Bihar,Rohtas,24.99170460829495,83.9350762672811,234,4594,512383,95678,2959918,92.0,60.81
Bihar,Saharsa,25.821270696721303,86.54670819672135,214,1668,432651,38046,1900661,91.0,42.35
Bihar,Samastipur,25.793205563909765,85.94833323308269,221,5379,1012979,43486,4261566,91.0,50.28
Bihar,Saran,25.89656077844312,84.82266287425155,219,4509,701323,76299,3951862,95.0,54.59
Bihar,Sheikhpura,25.12472436548223,85.77839390862943,228,631,108293,24345,636342,93.0,51.65
Bihar,Sheohar,26.458380748663107,85.29539411764709,205,478,158484,7516,656246,89.0,43.23
Bihar,Sitamarhi,26.56570069686413,85.61172491289203,206,3460,807294,49670,3423574,90.0,41.97
Bihar,Siwan,26.1736372013652,84.33766552901022,218,3834,632514,41858,3330464,99.0,57.96
Bihar,Supaul,26.28157893772896,86.78496465201461,208,1845,572287,27815,2229076,93.0,46.35
Bihar,Vaishali,25.8134703180212,85.39247597173153,220,4810,699317,51494,3495021,89.0,55.13
Chandigarh,Chandigarh,30.7426,76.75872465753424,55,44283,8911,289456,1055450,82.0,76.31
Chhattisgarh,Bastar,19.393866751269048,81.52895126903546,414,1782,316425,54894,1413199,102.0,46.06
Chhattisgarh,Bilaspur,22.356942982456143,81.99770350877188,30,1574,152458,11987,381956,98.0,75.3
Chhattisgarh,Bilaspur,22.356942982456143,81.99770350877188,406,8566,549632,188174,2663629,97.0,59.94
Chhattisgarh,Dhamtari,20.554912627291245,81.7569195519348,412,1016,168689,41792,799781,101.0,68.37
Chhattisgarh,Durg,21.194463849287164,81.33181639511197,409,16141,533448,349741,3343872,99.0,68.88
Chhattisgarh,Jashpur,22.77286167664669,83.8703962075848,402,567,205670,20722,851669,101.0,58.17
Chhattisgarh,Korba,22.491712499999995,82.57604326923074,404,4544,206598,126055,1206640,97.0,62.05
Chhattisgarh,Koriya,23.50412776859501,82.12515636363635,400,1667,121852,59763,658917,97.0,60.38
Chhattisgarh,Mahasamund,21.223727037773354,82.65925427435384,411,961,274793,35774,1032754,102.0,61.77
Chhattisgarh,Raigarh,22.008265068493166,83.27797698630134,403,3342,354278,66638,1493984,99.0,63.7
Chhattisgarh,Raigarh,22.008265068493166,83.27797698630134,520,38570,581868,377160,2634200,96.0,73.65
Chhattisgarh,Raipur,20.88603153846152,82.20032759615388,410,20261,673499,395001,4063872,98.0,64.71
Chhattisgarh,Surguja,23.32719278728607,83.23582493887531,401,2737,525596,65167,2359886,98.0,50.34
Daman and Diu,Daman,20.431616666666677,72.8392366071429,495,1316,10006,61073,191173,53.0,78.64
Daman and Diu,Junagadh,20.72568199498111,70.83985639899612,479,6628,489237,287506,2743082,95.0,67.18
Goa,North Goa,15.548723418714054,73.80667997909038,585,23440,115859,209230,818008,96.0,81.06
Goa,South Goa,15.195278658183785,73.941792596877,586,17624,88620,162873,640537,99.0,78.44
Gujarat,Ahmadabad,22.605425564971743,72.23898135593227,474,126341,353169,1845383,7214225,90.0,75.35
Gujarat,Amreli,21.04832649310872,71.43457637825426,480,2538,313714,116899,1514190,96.0,65.74
Gujarat,Anand,22.282718206229863,72.57782051557454,482,9902,413078,208909,2092745,92.0,74.13
Gujarat,Banas Kantha,24.258538965517253,71.93205252873561,469,3424,666773,137424,3120506,94.0,54.64
Gujarat,Bharuch,21.75787276237761,72.67326346710801,488,10257,300677,181319,1551019,93.0,72.1
Gujarat,Bhavnagar,21.70219390341736,72.16272632761141,481,7297,387251,356826,2880365,93.0,65.52
Gujarat,Gandhinagar,23.193679790026252,72.67221679790026,473,12107,237624,195634,1391753,92.0,74.04
Gujarat,Jamnagar,22.410600414263328,69.62062005768233,477,11573,347158,299167,2160119,94.0,64.65
Gujarat,Junagadh,20.929523011609785,70.54733890140345,479,6628,489237,287506,2743082,95.0,67.18
Gujarat,Kachchh,23.48057203301311,68.82192301497916,468,9631,488293,250982,2092371,91.0,59.85
Gujarat,Kheda,22.88765312500002,73.018803515625,483,5710,461479,160547,2299885,94.0,72.19
Gujarat,Mahesana,23.529355452865065,72.45545194085031,471,7759,476005,183738,2035064,93.0,73.84
Gujarat,Narmada,21.70666386292833,73.68403208722742,487,576,138121,22248,590297,96.0,62.74
Gujarat,Navsari,20.866973318871995,72.86184869848157,490,6726,267739,141417,1329672,96.0,75.35
Gujarat,Panch Mahals,22.80435606837605,73.61984598290586,484,3456,463363,104238,2390776,95.0,60.27
Gujarat,Patan,23.80634198473284,71.75162977099237,470,2231,301483,102655,1343734,94.0,62.36
Gujarat,Porbandar,21.55092351651571,69.71896987722886,478,1653,96015,87557,585449,95.0,67.24
Gujarat,Rajkot,22.40603377715488,70.83679439383323,476,21785,459474,721532,3804558,93.0,71.63
Gujarat,Sabar Kantha,23.71803594548552,73.13638790459964,472,5262,544024,121509,2428589,95.0,65.01
Gujarat,Surat,21.25761372772093,72.93488716344339,492,55694,369840,1529998,6081322,79.0,75.17
Gujarat,Surendranagar,22.82672007299272,71.48358740875906,475,2975,340788,159810,1756268,93.0,62.27
Gujarat,The Dangs,20.801633877551023,73.6883518367347,489,137,52102,7516,228291,101.0,61.75
Gujarat,Vadodara,22.26133739279589,73.49433010291594,486,53606,547454,692971,4165626,93.0,69.45
Gujarat,Valsad,20.44238231644259,72.9148584798345,491,11020,262410,235981,1705678,92.0,68.63
Haryana,Ambala,30.3503672316384,76.94970310734456,70,12899,175365,139891,1128350,88.0,72.5
Haryana,Bhiwani,28.728868064516128,76.02110225806452,81,5292,357047,99235,1634445,89.0,65.46
Haryana,Faridabad,28.14873109756098,77.32718536585368,88,43437,87700,382981,1809733,87.0,70.33
Haryana,Fatehabad,29.57298318584072,75.54608716814157,78,3210,203020,55360,942011,90.0,59.19
Haryana,Gurgaon,28.043894789579163,77.01935130260523,86,67087,141703,381988,1514432,85.0,73.37
Haryana,Hisar,29.23628731117825,75.84324682779452,80,10132,302013,154113,1743931,87.0,63.9
Haryana,Jhajjar,28.59651868131869,76.61137142857145,83,5034,211816,78328,958405,86.0,70.54
Haryana,Jind,29.45149821958457,76.29598575667653,77,5263,278335,89665,1334152,87.0,62.42
Haryana,Kaithal,29.96068539094649,76.37698930041155,73,3724,231091,75696,1074304,88.0,60.18
Haryana,Karnal,29.703200647249204,76.87488025889972,74,11163,292682,135920,1505324,89.0,64.97
Haryana,Kurukshetra,30.05652659846548,76.78774680306903,72,7356,203553,88268,964655,89.0,67.06
Haryana,Mahendragarh,28.1352161458333,76.14018072916659,84,2624,223726,44216,922088,89.0,68.35
Haryana,Panchkula,30.700897142857134,76.97173238095236,69,18615,70895,93656,561293,87.0,72.21
Haryana,Panipat,29.34352134146342,76.92895914634147,75,10024,173502,153804,1205437,86.0,65.25
Haryana,Rewari,28.19164714828897,76.55956007604564,85,5121,199449,69305,900332,90.0,70.75
Haryana,Rohtak,28.892517647058817,76.53123235294117,82,8482,175203,131739,1061204,87.0,70.45
Haryana,Sirsa,29.63583446327684,74.90970480225988,79,6287,245476,93316,1295189,90.0,60.45
Himachal Pradesh,Bilaspur,31.3780422907489,76.65316079295157,30,1574,152458,11987,381956,98.0,75.3
Himachal Pradesh,Bilaspur,31.3780422907489,76.65316079295157,406,8566,549632,188174,2663629,97.0,59.94
Himachal Pradesh,Chamba,32.66741814595661,76.39354063116366,23,1615,186395,13836,519080,99.0,62.39
Himachal Pradesh,Hamirpur,31.67668481012659,76.49767088607594,28,2521,196116,15232,454768,110.0,78.74
Himachal Pradesh,Hamirpur,31.67668481012659,76.49767088607594,168,1196,256081,55300,1104285,86.0,59.16
Himachal Pradesh,Kangra,32.14093603238864,76.41205910931173,24,8053,588321,39007,1510075,101.0,76.33
Himachal Pradesh,Kinnaur,31.60667184065933,78.51613736263741,34,354,44514,0,84121,82.0,72.16
Himachal Pradesh,Kullu,31.90911922077925,77.40922649350647,26,2623,167995,20709,437903,94.0,70.26
Himachal Pradesh,Mandi,31.635805940594054,76.96556930693067,27,5333,431129,31696,999777,101.0,72.39
Himachal Pradesh,Shimla,31.155725451807253,77.62573042168668,33,9177,279269,95896,814010,92.0,75.26
Himachal Pradesh,Sirmaur,30.682764453961443,77.43184689507493,32,2220,171102,21054,529855,92.0,68.44
Himachal Pradesh,Solan,31.03864311926604,76.94442140672783,31,5250,192787,51509,580320,88.0,73.85
Himachal Pradesh,Una,31.58330388349513,76.18353932038836,29,2412,185091,20126,521173,98.0,76.7
Jammu and Kashmir,Doda,33.359614675767915,76.07163720136518,16,596,122267,11350,409936,92.0,53.44
Jammu and Kashmir,Jammu,32.713199095022645,74.8477520361991,21,19905,254566,248043,1529958,88.0,74.32
Jammu and Kashmir,Kargil,33.565994894894914,76.63675315315312,4,235,40370,7774,140802,81.0,61.25
Jammu and Kashmir,Kathua,32.51781678321678,75.58901398601404,7,1443,181374,33473,616435,89.0,63.14
Jammu and Kashmir,Pulwama,33.88414418604652,75.00921860465118,12,1537,147520,21703,560440,91.0,52.45
Jammu and Kashmir,Punch,33.791241290322574,74.29593161290322,5,346,132139,15269,476835,89.0,54.89
Jammu and Kashmir,Srinagar,34.27312898550724,75.11021159420288,10,16413,4518,257721,1236829,90.0,60.52
Jammu and Kashmir,Udhampur,33.04770670731707,75.15286951219511,19,1214,148664,34696,554985,87.0,58.08
Jharkhand,Bokaro,23.6814965034965,85.98398374125864,355,9754,250312,258452,2062330,92.0,61.75
Jharkhand,Chatra,24.11619945750453,84.93295804701627,347,590,200974,14528,1042886,95.0,48.91
Jharkhand,Deoghar,24.33070100755672,86.75697632241814,350,1944,257373,64337,1492073,93.0,53.18
Jharkhand,Dhanbad,23.854509090909097,86.40372924901185,354,11568,258764,405455,2684487,91.0,64.15
Jharkhand,Dumka,24.275006125574265,87.27662450229711,362,1193,303697,23281,1321442,98.0,50.88
Jharkhand,Garhwa,24.082114689265527,83.68664265536722,346,565,272872,19180,1322784,94.0,49.4
Jharkhand,Giridih,24.30578509874329,86.08710915619386,349,1944,452564,46886,2445474,94.0,51.26
Jharkhand,Godda,24.8189,87.2941735483871,351,874,276454,15576,1313551,94.0,46.02
Jharkhand,Gumla,23.078532948929148,84.55056787479396,366,831,216629,16445,1025213,99.0,54.6
Jharkhand,Jamtara,23.97873318077801,86.95325080091534,363,808,165555,20113,791042,95.0,53.89
Jharkhand,Latehar,23.72511185840708,84.48298743362837,359,340,146377,14137,726978,97.0,48.24
Jharkhand,Lohardaga,23.488796043165483,84.6605169064748,356,351,96759,14725,461790,99.0,56.24
Jharkhand,Pakur,24.57260428082189,87.69691969178076,353,328,200588,16587,900422,99.0,39.19
Jharkhand,Palamu,24.196925968109337,84.20310842824594,358,2155,355529,52375,1939869,93.0,52.82
Jharkhand,Ranchi,23.184235061391547,85.31781937244203,364,22538,420740,310242,2914253,95.0,65.59
Jharkhand,Sahibganj,24.93667989690721,87.68264097938142,352,591,223450,37543,1150567,95.0,42.0
Jharkhand,Simdega,22.608760391198054,84.59193691931536,367,423,144169,11114,599578,100.0,57.29
Karnataka,Bagalkot,16.15860676328503,75.64526070853468,556,3745,324799,165858,1889752,99.0,58.92
Karnataka,Bangalore Rural,12.936827087794448,77.47369314775169,583,3729,231052,95410,990923,95.0,69.51
Karnataka,Belgaum,16.16107219152853,74.72329042357275,555,17560,962777,356198,4779661,97.0,63.85
Karnataka,Bellary,15.074377548209377,76.47228471074374,565,9626,371604,251876,2452595,98.0,57.96
Karnataka,Bidar,17.950361730769224,77.19459961538459,558,3971,287134,102269,1703300,96.0,61.21
Karnataka,Bijapur,16.84015316666667,75.95909166666665,417,117,50449,7942,255230,98.0,34.06
Karnataka,Bijapur,16.84015316666667,75.95909166666665,557,4987,396449,131041,2177331,96.0,57.33
Karnataka,Chikmagalur,13.425288289676422,75.67626502311249,570,4510,311660,80766,1137961,101.0,71.91
Karnataka,Chitradurga,14.29102220394736,76.57821957236843,566,5711,349704,97644,1659456,97.0,65.53
Karnataka,Davanagere,14.330414586709884,75.91723841166937,567,7320,354680,176011,1945497,97.0,67.26
Karnataka,Dharwad,15.343831376975173,75.13831264108359,562,15013,199707,283397,1847023,97.0,70.47
Karnataka,Gadag,15.507128256880746,75.64861302752298,561,3373,180066,111906,1064570,98.0,65.77
Karnataka,Gulbarga,17.070459515951594,76.87503850385033,579,9752,400704,199303,2566326,97.0,55.62
Karnataka,Hassan,12.945098749999998,76.11049549999997,574,4851,496103,132878,1776421,101.0,68.97
Karnataka,Haveri,14.737582809224318,75.3961230607966,564,2456,315076,98488,1597668,95.0,67.94
Karnataka,Kodagu,12.39684468085106,75.79336595744688,576,3308,181182,31792,554519,102.0,74.46
Karnataka,Kolar,13.312799881235172,78.01376947743476,581,5051,326567,151042,1536401,98.0,66.14
Karnataka,Koppal,15.651253271028034,76.1617048598131,560,2135,272968,64681,1389920,99.0,58.21
Karnataka,Mandya,12.574901806239744,76.81570098522172,573,3367,458867,103435,1805769,100.0,63.67
Karnataka,Mysore,12.248100259403367,76.52881802853437,577,28397,540596,380386,3001127,99.0,65.38
Karnataka,Raichur,16.050795353982295,76.87368606194688,559,5200,330446,125402,1928812,100.0,50.8
Karnataka,Shimoga,14.063845885634592,75.17882078103197,568,8791,352444,201662,1752753,100.0,72.06
Karnataka,Tumkur,13.592467760074973,77.02297966260545,571,7971,685443,204799,2678980,98.0,67.69
Karnataka,Udupi,13.450404228534568,74.72009990316337,569,9070,269817,115572,1177361,109.0,78.69
Kerala,Alappuzha,9.542602965599087,76.38010796263319,598,28842,331419,392117,2127789,110.0,87.08
Kerala,Ernakulam,10.004879301987431,76.26957729035381,595,88737,369694,804997,3282388,103.0,87.0
Kerala,Idukki,9.80480963855423,77.04586641566264,596,8250,391610,20823,1108974,101.0,83.23
Kerala,Kannur,11.941523076923056,75.35209891725934,589,32653,306288,566191,2523003,114.0,84.76
Kerala,Kasaragod,12.33310309912974,75.07768497134369,588,10378,251641,166164,1307375,108.0,79.36
Kerala,Kollam,8.929388820570157,76.6360775852431,600,31542,523715,401415,2635375,111.0,85.01
Kerala,Kottayam,9.643701174068417,76.46059673302705,597,37849,481967,196194,1974551,104.0,88.62
Kerala,Kozhikode,11.392924270557026,75.71158720159153,591,36791,323793,666543,3086293,110.0,84.74
Kerala,Malappuram,10.97329875666072,75.93910775606876,592,27909,634543,522586,4112920,110.0,80.51
Kerala,Palakkad,10.784926903553291,76.49980490693744,593,27162,665899,228442,2809934,107.0,79.7
Kerala,Thiruvananthapuram,8.537101759082221,76.88711502868073,601,71621,559293,609824,3301427,109.0,84.37
Kerala,Thrissur,10.458932647907687,76.12321940836945,594,56148,336748,715119,3121200,111.0,85.82
Kerala,Wayanad,11.715277464788736,76.07587007042254,590,4712,266183,11805,817420,103.0,78.98
Madhya Pradesh,Anuppur,23.18184220430107,81.86560000000007,461,1290,147388,60325,749237,98.0,58.27
Madhya Pradesh,Ashoknagar,24.63098846153845,77.82974493927134,459,619,169606,37135,845071,90.0,55.51
Madhya Pradesh,Balaghat,21.80020720640569,80.42170053380796,457,1712,400074,70793,1701698,102.0,67.44
Madhya Pradesh,Barwani,21.702135714285724,74.91004719710673,441,1158,250358,48912,1385881,98.0,39.68
Madhya Pradesh,Betul,21.964626315789477,77.7873428189117,447,2109,318945,87704,1575362,97.0,59.65
Madhya Pradesh,Bhind,26.35951126187245,78.7618324287653,420,1166,271211,88385,1703005,84.0,64.29
Madhya Pradesh,Bhopal,23.480726143790854,77.39246623093679,444,40788,118893,581826,2371061,92.0,70.04
Madhya Pradesh,Burhanpur,21.364567254408065,76.24460478589425,467,986,115979,62861,757847,95.0,53.93
Madhya Pradesh,Chhatarpur,24.813637376460004,79.56449299191374,425,1880,375869,95048,1762375,88.0,53.51
Madhya Pradesh,Chhindwara,22.227966971713823,78.76413136439254,455,3588,413142,140802,2090922,96.0,61.9
Madhya Pradesh,Damoh,23.76624407960196,79.47049303482588,428,1432,303387,66514,1264219,91.0,59.14
Madhya Pradesh,Datia,25.90226439560441,78.63916571428574,422,616,160453,43401,786754,87.0,62.46
Madhya Pradesh,Dewas,22.7851110021322,76.46088805970157,437,3518,274995,101014,1563715,94.0,59.18
Madhya Pradesh,Dhar,22.572681718963157,75.1105620736698,438,2388,412348,103364,2185793,96.0,49.29
Madhya Pradesh,Dindori,22.83738437047757,81.04332966714911,453,554,218021,9774,704524,100.0,53.75
Madhya Pradesh,Guna,24.49043927178156,77.2235895968791,458,2482,212765,72320,1241519,91.0,52.68
Madhya Pradesh,Gwalior,26.04074441964285,78.12782433035713,421,15779,172720,272172,2032036,86.0,66.79
Madhya Pradesh,Harda,22.227659781121783,77.07022571819435,448,986,112714,31845,570465,93.0,61.8
Madhya Pradesh,Hoshangabad,22.595268801996703,78.02168094841929,449,2871,209650,105746,1241350,91.0,65.3
Madhya Pradesh,Indore,22.680265752128648,75.9133801324502,439,48691,200371,587947,3276697,93.0,70.47
Madhya Pradesh,Jabalpur,23.18525572327043,79.98328754716981,451,20443,272284,352477,2463289,93.0,71.31
Madhya Pradesh,Jhabua,22.419578015397768,74.40921616766468,464,744,211080,24713,1025048,99.0,34.35
Madhya Pradesh,Katni,23.724416229116937,80.33819665871127,450,2179,276151,72880,1292042,95.0,61.2
Madhya Pradesh,Mandla,22.70348712446353,80.38600543633753,454,912,279674,37258,1054905,101.0,57.35
Madhya Pradesh,Mandsaur,24.19278764044944,75.43588667736759,433,2324,302287,81832,1340411,96.0,62.26
Madhya Pradesh,Morena,26.37313504531724,77.88447341389724,419,1781,319298,95288,1965970,84.0,60.01
Madhya Pradesh,Neemuch,24.70311893333336,75.06608186666664,432,1945,174235,67962,826067,95.0,61.6
Madhya Pradesh,Panna,24.451325840092657,80.21133001158752,426,653,256744,32179,1016520,91.0,54.36
Madhya Pradesh,Raisen,23.292518206521724,78.16305495923909,446,1141,251272,74441,1331597,90.0,61.6
Madhya Pradesh,Rajgarh,23.785499026425583,76.66431223922116,442,1611,331894,69823,1545814,96.0,52.03
Madhya Pradesh,Ratlam,23.503562290502792,75.14895782122909,434,3644,266716,107151,1455069,97.0,56.76
Madhya Pradesh,Rewa,24.861184625158856,81.57572465057183,430,3406,523910,94489,2365106,93.0,60.96
Madhya Pradesh,Sagar,23.800318709677374,78.71940357771273,427,4546,448408,165507,2378458,89.0,64.99
Madhya Pradesh,Satna,24.62777621776502,80.75547048710598,429,3754,461831,114173,2228935,93.0,61.54
Madhya Pradesh,Sehore,22.9297199679658,77.06780202883085,445,1566,270427,59220,1311332,92.0,59.51
Madhya Pradesh,Seoni,22.33230487804874,79.66053863928111,456,1182,335045,47542,1379131,98.0,62.66
Madhya Pradesh,Shahdol,23.44859864559819,81.4596831828442,460,1733,233594,57846,1066063,97.0,56.68
Madhya Pradesh,Shajapur,23.566620317220547,76.33555181268885,436,1382,312611,73997,1512681,94.0,59.14
Madhya Pradesh,Sheopur,25.78014810996563,77.16911116838484,418,273,150146,26376,687861,90.0,47.69
Madhya Pradesh,Shivpuri,25.37802451874367,77.74861600810549,423,1852,367859,66759,1726050,88.0,52.19
Madhya Pradesh,Sidhi,24.17547189952905,82.1053783359498,462,837,250953,25916,1127033,96.0,53.31
Madhya Pradesh,Tikamgarh,25.14099852104666,78.89357064846428,424,1090,322772,60220,1445166,90.0,51.75
Madhya Pradesh,Ujjain,23.319288862745065,75.80383717647058,435,7501,300765,188684,1986864,96.0,62.46
Madhya Pradesh,Umaria,23.59601063063061,80.90879477477475,431,839,138100,29966,644758,95.0,55.32
Madhya Pradesh,Vidisha,23.82838307984792,77.9013507604563,443,1926,292579,83830,1458875,90.0,59.15
Maharashtra,Akola,20.746310479041902,77.12122320359276,501,6163,308158,196077,1813906,95.0,77.8
Maharashtra,Amravati,21.16520991810736,77.67583503184723,503,9438,508921,272894,2888445,95.0,77.96
Maharashtra,Aurangabad,20.0979228832952,75.32072196796334,235,2362,428291,49006,2540073,93.0,57.71
Maharashtra,Aurangabad,20.0979228832952,75.32072196796334,515,23258,551789,427343,3701282,92.0,67.65
Maharashtra,Bhandara,21.211792649727748,80.10950199637024,506,2932,283843,72575,1200334,98.0,74.97
Maharashtra,Bid,18.952353340080982,75.69319706477731,523,5614,563114,135457,2585049,92.0,66.48
Maharashtra,Buldana,20.56680611183355,76.39017880364096,500,4767,575405,152787,2586258,93.0,72.69
Maharashtra,Chandrapur,20.095609090909075,79.31556380471388,509,8239,451324,233331,2204307,96.0,71.62
Maharashtra,Dhule,21.274018690400517,74.58719071837263,498,6065,382777,146013,2050862,95.0,63.09
Maharashtra,Gondiya,21.225008411214997,80.17522698598128,507,2866,319702,66813,1322507,100.0,75.93
Maharashtra,Hingoli,19.59525302245251,77.09239412780653,512,1221,242456,41913,1177345,94.0,67.16
Maharashtra,Jalgaon,20.8828943415638,75.55140421810695,499,14297,796223,373565,4229917,92.0,68.37
Maharashtra,Jalna,19.984612534818933,75.98473607242339,514,3791,404746,98084,1959046,94.0,61.03
Maharashtra,Kolhapur,16.44881301587301,74.12897150793648,530,22269,796496,382818,3876001,96.0,72.91
Maharashtra,Latur,18.348687268993856,76.75812607802874,524,6217,428616,157016,2454196,93.0,67.26
Maharashtra,Nagpur,21.196556862745105,79.02166176470584,505,57964,430844,877522,4653570,95.0,78.95
Maharashtra,Nanded,19.209316983017,77.6829048951049,511,7548,591119,230563,3361292,94.0,65.14
Maharashtra,Nandurbar,21.523175625248147,74.32638757443429,497,2579,333440,71572,1648295,98.0,55.0
Maharashtra,Nashik,20.266912871287143,74.03824168316828,516,45039,904661,764271,6107187,93.0,71.15
Maharashtra,Osmanabad,18.19459456066944,75.99495575313809,525,3209,367158,77832,1657576,92.0,68.64
Maharashtra,Parbhani,19.31032425249168,76.70163338870431,513,3982,293480,133759,1836086,95.0,63.06
Maharashtra,Pune,18.51696171428573,74.12922881632647,521,235018,1165718,2056739,9429408,91.0,76.06
Maharashtra,Raigarh,18.453257637845976,73.0090609418579,403,3342,354278,66638,1493984,99.0,63.7
Maharashtra,Raigarh,18.453257637845976,73.0090609418579,520,38570,581868,377160,2634200,96.0,73.65
Maharashtra,Ratnagiri,17.210195070127703,73.25725893866404,528,7752,538538,100824,1615069,112.0,74.26
Maharashtra,Sangli,17.154930181086502,74.70713822937628,531,13212,626872,226801,2822143,97.0,72.62
Maharashtra,Satara,17.6737908974359,74.18052064102558,527,14093,774522,200949,3003741,99.0,74.1
Maharashtra,Sindhudurg,16.170948049777163,73.51329008172343,529,3517,295847,44989,849651,104.0,78.39
Maharashtra,Solapur,17.837357937584812,75.42394823609216,526,15145,779929,376302,4317756,94.0,67.41
Maharashtra,Thane,19.698767747440264,72.79882742564581,517,256170,713994,2904157,11060148,89.0,74.39
Maharashtra,Wardha,20.80743024390242,78.57259105691062,504,4313,268486,120218,1300774,95.0,78.37
Maharashtra,Washim,20.282282394366213,77.25502394366208,502,1875,274925,55921,1197160,93.0,72.67
Maharashtra,Yavatmal,20.04258346738159,78.05326371760479,510,6094,629243,168889,2772348,95.0,72.96
Manipur,Bishnupur,24.50712111801243,93.8246236024845,275,676,34977,21172,237399,100.0,65.85
Manipur,Chandel,24.2635812987013,94.09443844155844,280,184,30377,3783,144182,93.0,62.63
Manipur,Churachandpur,24.30309718875504,93.38671506024085,274,837,52972,4853,274143,97.0,71.47
Manipur,Senapati,25.08465586034914,94.03366234413956,272,256,38008,1826,479148,94.0,55.2
Manipur,Tamenglong,24.98312942238265,93.49450740072204,273,125,23982,4119,140651,94.0,60.44
Manipur,Thoubal,24.545392553191498,93.97959893617023,276,880,65961,38302,422168,100.0,63.79
Manipur,Ukhrul,25.05900314960629,94.44129566929138,279,276,36084,5806,183998,94.0,70.56
Meghalaya,East Garo Hills,25.82728228228228,90.64684924924916,294,288,62698,11518,317917,97.0,60.44
Meghalaya,East Khasi Hills,25.303763888888884,91.75922519841272,298,5032,106248,108843,825922,101.0,69.99
Meghalaya,Jaintia Hills,25.33959557069844,92.37608160136298,299,510,76546,7171,395124,101.0,47.46
Meghalaya,South Garo Hills,25.240568578553614,90.64560349127176,295,179,35930,3713,142334,95.0,57.65
Meghalaya,West Garo Hills,25.495285185185185,90.03709947089942,293,1630,139351,18594,643291,98.0,55.76
Meghalaya,West Khasi Hills,25.500889926739926,91.25364542124538,296,149,74832,12299,383461,98.0,60.16
Mizoram,Aizawl,23.90781335453101,92.85359459459472,283,4019,20570,80341,400309,101.0,85.08
Mizoram,Champhai,23.54166580976866,93.24221799485862,284,186,18395,12717,125745,98.0,80.16
Mizoram,Kolasib,24.2020004347826,92.73470391304348,282,367,9669,12507,83955,96.0,78.49
Mizoram,Lawngtlai,22.36102843137253,92.66964156862753,287,162,21993,5273,117894,95.0,53.32
Mizoram,Lunglei,23.007717036172675,92.63512555425892,286,482,21479,17315,161428,95.0,75.03
Mizoram,Mamit,23.73852942502819,92.4330803833147,281,90,16726,4129,86364,93.0,69.69
Mizoram,Saiha,22.35744801061008,93.02827931034489,288,168,7043,5784,56574,98.0,74.65
Mizoram,Serchhip,23.263864705882344,92.914158496732,285,131,7472,8018,64937,98.0,83.89
Nagaland,Dimapur,25.814176811594223,93.75074057971014,265,3303,49116,62853,378811,92.0,73.4
Nagaland,Kohima,25.60311428571428,93.78600657596373,270,1928,31845,44255,267988,93.0,73.69
Nagaland,Mokokchung,26.478911764705888,94.522426006192,262,537,37536,17742,194622,93.0,81.95
Nagaland,Mon,26.69207374301676,95.03072988826828,261,178,43607,7415,250260,90.0,47.8
Nagaland,Phek,25.63272986577182,94.56814563758392,266,170,38903,7295,163418,95.0,64.8
Nagaland,Tuensang,26.21104453280316,94.85809880715708,267,155,40690,9451,196596,93.0,59.77
Nagaland,Wokha,26.202611551155112,94.1990815181518,264,198,38499,8170,166343,97.0,77.07
Nagaland,Zunheboto,26.028178205128206,94.50026666666668,263,261,31267,6044,140757,98.0,73.09
Orissa,Baleshwar,21.48570932311624,87.08085828011933,377,7370,601154,82440,2320529,96.0,69.86
Orissa,Bhadrak,20.95262735257214,86.81496204516931,378,2637,373862,54244,1506337,98.0,72.64
Orissa,Cuttack,20.407640646029623,85.7776810228802,381,15046,579529,210768,2624470,94.0,76.64
Orissa,Dhenkanal,20.79887159353349,85.53226836027711,383,1810,315390,36979,1192811,95.0,69.58
Orissa,Gajapati,19.121080882352945,84.14015091911759,389,635,152095,23050,577817,104.0,45.44
Orissa,Ganjam,19.2632617564534,84.80297710437702,388,9049,795476,219918,3529031,98.0,62.62
Orissa,Jharsuguda,21.827058566978184,83.93581682242987,371,2498,103224,73962,579505,95.0,70.04
Orissa,Kalahandi,19.784253092783523,83.1124043814433,395,1953,456336,38412,1576869,100.0,50.86
Orissa,Kandhamal,20.092878624813142,84.02216352765326,390,768,218446,24489,733110,104.0,54.53
Orissa,Kendrapara,20.606319815982264,86.83763247572003,379,1628,414749,23494,1440361,101.0,75.62
Orissa,Khordha,20.054162322274863,85.52234834123229,386,35701,331834,356895,2251673,93.0,77.72
Orissa,Koraput,18.82627794779476,82.81278469846964,398,3988,381789,78339,1379647,103.0,41.18
Orissa,Malkangiri,18.25227930367506,81.98293636363628,399,448,167884,15839,613192,102.0,39.91
Orissa,Mayurbhanj,21.897621545157754,86.4030408052231,376,2950,689110,64479,2519738,101.0,54.35
Orissa,Nayagarh,20.192895622119817,85.05614700460825,385,1163,261646,26688,962789,92.0,71.5
Orissa,Nuapada,20.471309512195116,82.59152536585364,394,757,197258,11869,610382,102.0,49.05
Orissa,Puri,19.83509174603177,85.86698989898981,387,3416,402014,72210,1698730,96.0,76.05
Orissa,Rayagada,19.292840020060204,83.45860120361095,396,1553,237343,49205,967911,105.0,42.13
Orissa,Sambalpur,21.515752380952385,84.34958483245157,372,5231,220697,94798,1041099,98.0,67.59
Orissa,Sundargarh,22.06354819277107,84.50524819277099,374,12787,387911,230151,2093437,97.0,64.12
Puducherry,Karaikal,10.876161726078813,79.82369793621002,637,1868,35618,33715,200222,105.0,77.37
Puducherry,Mahe,12.006420793787758,75.28275021570326,636,574,0,12110,41816,118.0,87.22
Puducherry,Yanam,16.707695652173904,82.26187304347832,634,207,0,15519,55626,104.0,70.6
Punjab,Amritsar,31.548679820627772,74.79883856502238,49,29961,275477,385476,2490656,89.0,67.64
Punjab,Bathinda,30.190524611973352,75.05685898004438,46,11284,218159,137563,1388525,87.0,60.85
Punjab,Faridkot,30.591187250996025,74.79751553784862,45,4348,99946,58917,617508,89.0,61.75
Punjab,Fatehgarh Sahib,30.64290947368421,76.36208394736842,40,5138,117559,57337,600163,87.0,70.99
Punjab,Firozpur,30.63407535211269,74.40245732394365,43,10042,348522,153868,2029074,89.0,60.5
Punjab,Gurdaspur,32.04283371212125,75.3204064393939,35,14428,420860,185488,2298323,90.0,71.13
Punjab,Hoshiarpur,31.55157169811319,75.8469857442349,38,13747,422673,128592,1586625,96.0,75.61
Punjab,Jalandhar,31.250336907216507,75.54400350515463,37,39082,330339,377791,2193590,92.0,73.97
Punjab,Kapurthala,31.336592638036837,75.47641165644177,36,9732,165433,95770,815168,91.0,70.73
Punjab,Ludhiana,30.76596397379912,75.83110851528383,41,58589,395032,641789,3498739,87.0,73.18
Punjab,Mansa,29.919547714285724,75.4304922857143,47,2673,145603,50786,769751,88.0,55.03
Punjab,Moga,30.756540067340065,75.1600845117845,42,7897,214295,74144,995746,89.0,63.06
Punjab,Muktsar,30.31243303303303,74.5518747747748,44,4571,149507,74650,901896,90.0,58.19
Punjab,Patiala,30.214540380693364,76.27505893949697,48,24274,299279,218090,1895686,89.0,66.82
Punjab,Rupnagar,30.910937330754347,76.53743500967126,51,6600,148162,60537,684627,92.0,73.43
Punjab,Sangrur,30.185045204336895,75.89437014178496,53,10736,292156,156788,1655169,89.0,60.54
Rajasthan,Ajmer,26.199300378787903,74.6990419191919,119,13499,409335,274919,2583052,95.0,59.1
Rajasthan,Alwar,27.55271738035265,76.65359630562563,104,9750,782294,212967,3674179,89.0,59.4
Rajasthan,Banswara,23.453642032967014,74.44246868131869,125,2324,390437,39407,1797485,98.0,46.14
Rajasthan,Baran,24.98023243243244,76.86210651828291,128,1363,249184,69804,1222755,93.0,56.7
Rajasthan,Barmer,25.77070908045978,71.50297126436782,115,2766,542825,55980,2603751,90.0,45.64
Rajasthan,Bharatpur,27.32411858037578,77.21752077244258,105,4179,479437,129697,2548462,88.0,58.11
Rajasthan,Bhilwara,25.45119767759564,74.63947595628417,122,6207,530015,145865,2408523,97.0,52.15
Rajasthan,Bikaner,28.12489068322981,73.26943322981371,101,7607,335754,196179,2363937,91.0,54.1
Rajasthan,Bundi,25.48580716049379,75.79984074074079,121,1392,239836,63452,1110906,92.0,52.66
Rajasthan,Chittaurgarh,24.631623761665463,74.80010997846382,126,4941,366780,88873,1544338,97.0,53.22
Rajasthan,Churu,28.29330375536484,74.65846427038629,102,2577,344897,148996,2039547,94.0,56.35
Rajasthan,Dausa,26.91234817629181,76.57342097264443,109,1719,361084,59610,1634409,91.0,57.39
Rajasthan,Dhaulpur,26.72397054945053,77.74476219780222,106,1330,214670,58626,1206516,85.0,56.62
Rajasthan,Dungarpur,23.75104807692308,73.84765641025645,124,1477,322816,31547,1388552,99.0,49.09
Rajasthan,Ganganagar,29.256785412667963,73.56192303262948,99,6295,397697,164897,1969168,89.0,60.6
Rajasthan,Hanumangarh,29.1813351791531,74.74632573289902,100,3360,389059,108694,1774692,91.0,58.27
Rajasthan,Jaipur,27.033459290187885,75.77117286012533,110,76565,754841,977838,6626178,91.0,64.91
Rajasthan,Jaisalmer,26.86900838548185,71.18371877346682,114,754,159117,30830,669919,85.0,46.07
Rajasthan,Jalor,25.07578093797277,72.18647261724662,116,1585,419216,48202,1828730,95.0,45.36
Rajasthan,Jhalawar,24.24725541474657,76.11242891705065,129,1750,298624,63763,1411129,95.0,52.43
Rajasthan,Jhunjhunun,28.13517401247401,75.52840893970894,103,4828,500452,150357,2137045,95.0,64.12
Rajasthan,Jodhpur,26.678460838536967,73.00450847457628,113,19335,584215,307442,3687165,92.0,55.1
Rajasthan,Karauli,26.51901555555556,76.96081818181815,107,1059,305047,59308,1458248,86.0,55.26
Rajasthan,Kota,25.175718080000014,76.18618928000001,127,12843,203454,311735,1951014,91.0,66.55
Rajasthan,Nagaur,27.07862016048146,74.14215667001012,112,4449,675712,166489,3307743,95.0,53.17
Rajasthan,Pali,25.80490393541874,73.55285640766907,118,4043,512909,139808,2037573,99.0,53.28
Rajasthan,Rajsamand,25.24894767441859,73.96570215946844,123,1989,304622,61054,1156597,99.0,53.53
Rajasthan,Sawai Madhopur,26.251081180223288,76.4219283891548,108,1887,282057,71264,1335551,90.0,55.54
Rajasthan,Sikar,27.64644058641976,75.29317422839503,111,5647,527560,178274,2677333,95.0,61.71
Rajasthan,Sirohi,24.7976905263158,72.75309131578943,117,2146,238535,69639,1036346,94.0,46.01
Rajasthan,Tonk,26.153935071707927,75.79192216427637,120,1908,298911,81755,1421326,95.0,52.74
Rajasthan,Udaipur,24.44076752136749,73.84029839743584,130,14211,665449,182769,3068420,96.0,51.58
Sikkim,East,27.29600352941175,88.74908392156858,93,80037,1086,461132,1709346,88.0,79.15
Tamil Nadu,Ariyalur,11.190514836795256,79.22249643916912,616,1749,223955,30322,754894,101.0,63.67
Tamil Nadu,Chennai,13.058098905608748,80.28139151846806,603,217368,0,1314125,4646732,99.0,81.27
Tamil Nadu,Coimbatore,10.871376995940452,77.07619012178621,632,63273,284795,884957,3458045,100.0,76.23
Tamil Nadu,Cuddalore,11.57587300613498,79.63002365371497,617,15396,497429,260780,2605914,99.0,69.66
Tamil Nadu,Dharmapuri,12.300141200000006,78.11509813333339,630,3651,396819,91107,1506843,95.0,60.9
Tamil Nadu,Dindigul,10.377801390820574,77.78011279554937,612,9155,443818,269724,2159775,100.0,68.61
Tamil Nadu,Erode,11.267012155963302,77.42034334862392,610,18604,411286,432398,2251744,99.0,66.29
Tamil Nadu,Kancheepuram,12.496424756511884,80.08820360135913,604,100322,438799,774705,3998252,99.0,75.37
Tamil Nadu,Kanniyakumari,8.183466300191206,77.32053064053538,629,15673,104253,493788,1870374,102.0,82.8
Tamil Nadu,Karur,10.79532776617955,78.08749686847604,613,4915,212241,152420,1064493,102.0,68.3
Tamil Nadu,Madurai,9.904313833333331,78.01366033333332,623,34097,417718,592723,3038252,99.0,74.83
Tamil Nadu,Nagapattinam,10.789468161718286,79.79437299431483,618,5585,399016,118724,1616450,103.0,75.04
Tamil Nadu,Namakkal,11.33766638477801,78.14624841437633,609,8960,370357,257127,1726601,99.0,68.12
Tamil Nadu,Perambalur,11.260137758112096,78.86034011799416,615,1507,155413,33179,565223,100.0,66.49
Tamil Nadu,Pudukkottai,10.130514816433578,79.05444484265728,621,4494,399712,104229,1618345,101.0,68.62
Tamil Nadu,Ramanathapuram,9.31286995153476,78.99185362412462,626,5172,290478,126761,1353445,98.0,72.33
Tamil Nadu,Salem,11.629324202127655,78.2478257978723,608,20660,572813,597539,3482056,95.0,65.64
Tamil Nadu,Sivaganga,9.960306580645158,78.56535729032255,622,5773,309224,143193,1339101,100.0,71.67
Tamil Nadu,Thanjavur,10.387692255892237,79.3194869107745,620,13495,479070,274302,2405890,103.0,74.44
Tamil Nadu,Theni,9.924066666666668,77.43458833333332,624,4667,189328,221295,1245899,99.0,69.84
Tamil Nadu,Thiruvallur,13.275858101752885,80.19724702864492,602,75634,387237,732196,3728104,99.0,74.88
Tamil Nadu,Thiruvarur,10.368927409395978,79.60322893959727,619,4416,321331,86848,1264277,102.0,74.86
Tamil Nadu,Tiruvannamalai,12.419318947368414,79.23265631578953,606,6445,563102,147061,2464875,99.0,66.0
Tamil Nadu,Vellore,12.784882632293078,79.02643283582084,605,20623,653499,486801,3936331,101.0,70.47
Tamil Nadu,Virudhunagar,9.468872195892564,77.87641469194315,625,10219,363782,370942,1942288,101.0,72.02
Tripura,Dhalai,23.781360477941163,91.94654283088232,291,273,89457,14071,378230,94.0,73.03
Tripura,North Tripura,24.121739755351683,92.17842538226292,292,997,150437,42184,693947,97.0,74.99
Tripura,South Tripura,23.211874098057383,91.6065807585568,290,948,219171,44906,876001,96.0,73.84
Tripura,West Tripura,23.780166241299337,91.41310788863107,289,6394,289621,217016,1725739,96.0,78.89
Uttar Pradesh,Agra,26.99512974910393,78.05278291517321,146,27183,496971,406852,4418797,87.0,60.66
Uttar Pradesh,Aligarh,27.93748576850093,78.00146831119557,143,13634,582117,275942,3673889,88.0,56.96
Uttar Pradesh,Allahabad,25.392038662316445,82.05172446982063,175,24122,983266,265304,5954391,90.0,61.56
Uttar Pradesh,Ambedkar Nagar,26.39119025974028,82.68282142857147,178,2509,501559,65031,2397888,98.0,62.01
Uttar Pradesh,Auraiya,26.66892394014961,79.42637057356607,162,2404,255836,58438,1379545,86.0,67.47
Uttar Pradesh,Azamgarh,26.008290954773837,83.01220251256285,191,6652,891024,80434,4613913,102.0,60.08
Uttar Pradesh,Baghpat,29.045793499999988,77.30266300000001,139,2989,246055,69991,1303048,86.0,61.24
Uttar Pradesh,Bahraich,27.691776300578027,81.46779783237004,180,2681,698520,61742,3487731,89.0,40.09
Uttar Pradesh,Ballia,25.86075638297873,84.03651978723408,193,4672,564927,64454,3239774,94.0,60.61
Uttar Pradesh,Balrampur,27.449076537911324,82.47158326180256,182,1551,410070,35768,2148665,93.0,40.41
Uttar Pradesh,Banda,25.351885902503284,80.52487391304344,170,1655,378056,67569,1799410,86.0,55.74
Uttar Pradesh,Bara Banki,26.922777025232424,81.35762350597606,176,3159,635840,79068,3260699,91.0,51.9
Uttar Pradesh,Bareilly,28.51101940789474,79.43187072368416,150,15164,631613,362798,4448359,89.0,49.27
Uttar Pradesh,Basti,26.833880454545447,82.69790590909092,185,3423,513960,31065,2464464,96.0,56.56
Uttar Pradesh,Bijnor,29.313974259681096,78.45098815489754,134,7303,683875,224648,3682713,92.0,57.98
Uttar Pradesh,Bulandshahr,28.34875862068968,78.01082758620684,142,7865,658449,221628,3499171,90.0,58.06
Uttar Pradesh,Chandauli,25.1180859611231,83.25307062634984,196,3492,344937,50822,1952756,92.0,60.15
Uttar Pradesh,Chitrakoot,25.159924623803,81.07666087551297,171,827,207237,23558,991730,88.0,53.55
Uttar Pradesh,Deoria,26.42218856548857,83.8244070686071,190,4469,597778,67928,3100946,102.0,60.47
Uttar Pradesh,Etah,27.591155309734443,78.70021858407083,201,2635,334246,67752,1774480,87.0,59.47
Uttar Pradesh,Etawah,26.78817670157068,79.07621806282728,161,2964,265643,85483,1581810,87.0,67.14
Uttar Pradesh,Faizabad,26.60589185185181,82.00783530864202,177,4746,510378,79288,2470996,96.0,58.72
Uttar Pradesh,Farrukhabad,27.45063297872342,79.4406284574468,159,2624,316647,94843,1885204,87.0,57.96
Uttar Pradesh,Fatehpur,25.8374362030905,80.85416203090509,172,3385,558807,77733,2632733,90.0,57.44
Uttar Pradesh,Firozabad,27.20963993055552,78.42660624999998,147,5834,349747,185621,2498156,88.0,60.92
Uttar Pradesh,Gautam Buddha Nagar,28.393311038961038,77.52462467532465,141,53181,170835,338935,1648115,85.0,68.14
Uttar Pradesh,Ghaziabad,28.74997308584685,77.67441879350343,140,78116,355407,836316,4681645,88.0,66.71
Uttar Pradesh,Ghazipur,25.624724775583484,83.5360854578097,195,5309,700173,61467,3620268,95.0,60.7
Uttar Pradesh,Gonda,27.157215552099505,82.0226888024882,183,4313,673578,52794,3433919,92.0,48.92
Uttar Pradesh,Gorakhpur,26.63315886792452,83.3549560377358,188,14597,761958,189170,4440895,95.0,60.81
Uttar Pradesh,Hamirpur,25.738158381502892,79.82619479768789,28,2521,196116,15232,454768,110.0,78.74
Uttar Pradesh,Hamirpur,25.738158381502892,79.82619479768789,168,1196,256081,55300,1104285,86.0,59.16
Uttar Pradesh,Hardoi,27.337409090909137,80.26411767676768,155,3845,786613,121064,4092845,87.0,54.28
Uttar Pradesh,Jalaun,26.067954587155988,79.36686911314993,165,2217,304856,91565,1689974,87.0,63.62
Uttar Pradesh,Jaunpur,25.70141280913127,82.54315351934063,194,8002,926088,80582,4494204,102.0,60.78
Uttar Pradesh,Jhansi,25.45581535234902,78.89954580536917,166,8517,309592,195321,1998603,89.0,65.27
Uttar Pradesh,Jyotiba Phule Nagar,28.870498984771597,78.39009365482241,137,2825,335888,115486,1840221,91.0,53.42
Uttar Pradesh,Kannauj,26.993988617886185,79.64437940379408,160,2488,299785,65985,1656616,88.0,61.4
Uttar Pradesh,Kanpur Dehat,26.43047641196011,79.98710083056478,163,2682,363933,41323,1796184,86.0,65.15
Uttar Pradesh,Kaushambi,25.53587532051282,81.41811282051287,174,1503,349856,30764,1599596,91.0,50.85
Uttar Pradesh,Kushinagar,26.892530675909864,83.92261542461007,189,3486,742324,42775,3564544,96.0,54.84
Uttar Pradesh,Lalitpur,24.58877161016945,78.60082330508473,167,1079,258013,43819,1221592,91.0,52.49
Uttar Pradesh,Lucknow,26.838233589251463,80.89706026871404,157,68506,344155,717566,4589838,92.0,68.13
Uttar Pradesh,Mahoba,25.34529670138888,79.67863003472216,169,1316,198298,48525,875958,88.0,55.72
Uttar Pradesh,Mainpuri,27.17386862302482,79.03501851015807,148,2642,338475,72783,1868529,88.0,64.43
Uttar Pradesh,Mathura,27.59390432801821,77.62153416856502,145,8726,407488,177802,2547184,86.0,59.19
Uttar Pradesh,Mau,26.01082203791469,83.50582654028433,192,2656,352207,99321,2205968,98.0,61.79
Uttar Pradesh,Meerut,29.02957625698323,77.80611005586593,138,23717,381520,422303,3443689,89.0,62.19
Uttar Pradesh,Mirzapur,25.10207959183675,82.60126628571429,199,4447,465152,77963,2496970,90.0,57.22
Uttar Pradesh,Moradabad,28.851770406189537,78.73580193423597,135,11690,692398,355518,4772006,91.0,47.44
Uttar Pradesh,Muzaffarnagar,29.470507977736563,77.64017847866423,133,10077,673746,296104,4143512,89.0,58.34
Uttar Pradesh,Pilibhit,28.52024175035868,79.90103974175037,151,2870,371752,89638,2031007,89.0,52.24
Uttar Pradesh,Pratapgarh,25.864842731707316,81.93530048780492,131,716,209813,24269,867848,98.0,46.27
Uttar Pradesh,Pratapgarh,25.864842731707316,81.93530048780492,173,5149,711085,41701,3209141,100.0,60.19
Uttar Pradesh,Rae Bareli,26.253902840059787,81.22260463378181,158,5184,705025,73393,3405559,94.0,57.72
Uttar Pradesh,Rampur,28.83244727272725,79.10977333333337,136,3847,396775,143217,2335819,91.0,44.68
Uttar Pradesh,Saharanpur,30.03381165217392,77.59905147826095,132,9699,605082,284156,3466382,89.0,59.92
Uttar Pradesh,Sant Kabir Nagar,26.791596516393444,83.0387764344262,186,2031,324972,27179,1715183,97.0,55.68
Uttar Pradesh,Shahjahanpur,27.991389350649328,79.8302275324675,152,3889,520289,134714,3006538,87.0,49.59
Uttar Pradesh,Sitapur,27.501995963091108,80.85288881199547,154,3874,827583,111319,4483992,89.0,50.93
Uttar Pradesh,Sonbhadra,24.46693268858798,83.06816324951639,200,5149,337048,91040,1862559,92.0,52.92
Uttar Pradesh,Sultanpur,26.2846386419753,82.05710456790123,179,5956,839737,49891,3797117,98.0,58.99
Uttar Pradesh,Unnao,26.63163990895297,80.636773292868,156,3476,596317,121039,3108367,91.0,57.06
Uttar Pradesh,Varanasi,25.36057088888889,82.82529666666672,197,19214,438935,316129,3676841,91.0,65.38
Uttaranchal,Almora,29.683532133676103,79.50165064267351,64,1830,260056,21082,622506,114.0,70.12
Uttaranchal,Bageshwar,29.98703393393397,79.83954354354357,63,435,96031,3880,259898,109.0,69.06
Uttaranchal,Chamoli,30.58338611464965,79.56281095541402,57,899,163434,22906,391605,102.0,71.64
Uttaranchal,Champawat,29.29142393939393,80.07720212121217,65,548,85202,12839,259648,98.0,68.45
Uttaranchal,Pithoragarh,30.14720631868129,80.34229230769236,62,1344,183687,26256,483439,102.0,71.48
Uttaranchal,Tehri Garhwal,30.463700918635173,78.48783792650917,59,1366,227059,27177,618931,108.0,65.92
Uttaranchal,Udham Singh Nagar,29.02779577677222,79.45629004524895,67,7883,269406,145253,1648902,92.0,62.94
Uttaranchal,Uttarkashi,30.968958552036234,78.56880615384617,56,602,112148,9061,330086,96.0,65.17
West Bengal,Bankura,23.081280892857155,87.12640053571437,339,4273,900515,90885,3596674,96.0,62.08
West Bengal,Barddhaman,23.444453888888884,87.8150581111111,335,32323,1364868,862368,7717563,95.0,67.99
West Bengal,Birbhum,24.06389342723,87.65153089201888,334,5210,831044,134565,3502404,96.0,61.63
West Bengal,Dakshin Dinajpur,25.342094363021435,88.69821679819614,331,2518,390949,70077,1676276,96.0,64.65
West Bengal,Darjiling,26.839619571045585,88.33145067024122,327,10943,303284,215675,1846823,97.0,71.24
West Bengal,Haora,22.401674174428507,87.99421176968654,341,30751,483384,869313,4850029,94.0,74.33
West Bengal,Hugli,22.87929264705881,88.00010264705891,338,31725,992085,647953,5519145,96.0,73.9
West Bengal,Jalpaiguri,26.62642031250004,89.04154375000003,328,9322,798378,319426,3872846,95.0,64.52
West Bengal,Kolkata,22.550581481481483,88.3527648148148,342,136618,0,1308106,4496694,91.0,79.8
West Bengal,Maldah,25.08026802575105,88.17191684549356,332,5357,830318,128678,3988845,94.0,52.31
West Bengal,Murshidabad,24.25950655391121,88.16816860465121,333,7951,1501066,350899,7103807,96.0,57.09
West Bengal,Nadia,23.56410971055088,88.58293034547152,336,12787,1081381,468390,5167600,95.0,67.35
West Bengal,Puruliya,23.254192328767108,86.3968532876713,340,3551,653219,99433,2930115,96.0,55.46
West Bengal,Uttar Dinajpur,26.044619165196977,88.23595232216337,330,2883,683981,94269,3007134,94.0,49.54
